,excluded_column,imbalanced_approach,imbalanced_input,scaler,best_learning_rate_init,best_alpha,best_batch_size,best_hidden_layer_sizes,best_activation,best_solver,prediction_threshold,duration,f1_score
0,none,resampling,SMOTE,power,0.001,0.001,16,"(128, 64, 32)",relu,adam,0.79,36.0,64.0
1,none,resampling,SMOTE,robust,0.001,0.001,16,"(128, 64, 32)",relu,adam,0.89,42.0,66.0
2,none,resampling,ADASYN,power,0.001,0.001,16,"(128, 64, 32)",relu,adam,0.89,25.0,58.0
3,none,resampling,ADASYN,robust,0.001,0.001,16,"(128, 64, 32)",relu,adam,0.7100000000000001,24.0,67.0
4,none,resampling,SMOTETomek,power,0.001,0.001,16,"(128, 64, 32)",relu,adam,0.8200000000000001,31.0,64.0
5,none,resampling,SMOTETomek,robust,0.001,0.001,16,"(128, 64, 32)",relu,adam,0.89,22.0,65.0
6,type,resampling,SMOTE,power,0.001,0.001,16,"(128, 64, 32)",relu,adam,0.89,25.0,65.0
7,type,resampling,SMOTE,robust,0.001,0.001,16,"(128, 64, 32)",relu,adam,0.89,27.0,70.0
8,type,resampling,ADASYN,power,0.001,0.001,16,"(128, 64, 32)",relu,adam,0.87,27.0,65.0
9,type,resampling,ADASYN,robust,0.001,0.001,16,"(128, 64, 32)",relu,adam,0.89,35.0,65.0
10,type,resampling,SMOTETomek,power,0.001,0.001,16,"(128, 64, 32)",relu,adam,0.88,31.0,70.0
11,type,resampling,SMOTETomek,robust,0.001,0.001,16,"(128, 64, 32)",relu,adam,0.8300000000000001,21.0,69.0
12,air_temperature_k,resampling,SMOTE,power,0.001,0.001,16,"(128, 64, 32)",relu,adam,0.89,32.0,61.0
13,air_temperature_k,resampling,SMOTE,robust,0.001,0.001,16,"(128, 64, 32)",relu,adam,0.77,18.0,67.0
14,air_temperature_k,resampling,ADASYN,power,0.001,0.001,16,"(128, 64, 32)",relu,adam,0.89,33.0,70.0
15,air_temperature_k,resampling,ADASYN,robust,0.001,0.001,16,"(128, 64, 32)",relu,adam,0.89,28.0,65.0
16,air_temperature_k,resampling,SMOTETomek,power,0.001,0.001,16,"(128, 64, 32)",relu,adam,0.89,35.0,66.0
17,air_temperature_k,resampling,SMOTETomek,robust,0.001,0.001,16,"(128, 64, 32)",relu,adam,0.86,23.0,66.0
18,process_temperature_k,resampling,SMOTE,power,0.001,0.001,16,"(128, 64, 32)",relu,adam,0.87,30.0,77.0
19,process_temperature_k,resampling,SMOTE,robust,0.001,0.001,16,"(128, 64, 32)",relu,adam,0.89,34.0,68.0
20,process_temperature_k,resampling,ADASYN,power,0.001,0.001,16,"(128, 64, 32)",relu,adam,0.88,20.0,70.0
21,process_temperature_k,resampling,ADASYN,robust,0.001,0.001,16,"(128, 64, 32)",relu,adam,0.87,16.0,68.0
22,process_temperature_k,resampling,SMOTETomek,power,0.001,0.001,16,"(128, 64, 32)",relu,adam,0.87,43.0,75.0
23,process_temperature_k,resampling,SMOTETomek,robust,0.001,0.001,16,"(128, 64, 32)",relu,adam,0.85,34.0,66.0
24,rotational_speed_rpm,resampling,SMOTE,power,0.001,0.001,16,"(128, 64, 32)",relu,adam,0.87,30.0,77.0
25,rotational_speed_rpm,resampling,SMOTE,robust,0.001,0.001,16,"(128, 64, 32)",relu,adam,0.89,34.0,68.0
26,rotational_speed_rpm,resampling,ADASYN,power,0.001,0.001,16,"(128, 64, 32)",relu,adam,0.88,20.0,70.0
27,rotational_speed_rpm,resampling,ADASYN,robust,0.001,0.001,16,"(128, 64, 32)",relu,adam,0.87,16.0,68.0
28,rotational_speed_rpm,resampling,SMOTETomek,power,0.001,0.001,16,"(128, 64, 32)",relu,adam,0.87,41.0,75.0
29,rotational_speed_rpm,resampling,SMOTETomek,robust,0.001,0.001,16,"(128, 64, 32)",relu,adam,0.85,33.0,66.0
30,torque_nm,resampling,SMOTE,power,0.001,0.001,16,"(128, 64, 32)",relu,adam,0.88,24.0,66.0
31,torque_nm,resampling,SMOTE,robust,0.001,0.001,16,"(128, 64, 32)",relu,adam,0.89,34.0,63.0
32,torque_nm,resampling,ADASYN,power,0.001,0.001,16,"(128, 64, 32)",relu,adam,0.89,18.0,64.0
33,torque_nm,resampling,ADASYN,robust,0.001,0.001,16,"(128, 64, 32)",relu,adam,0.89,29.0,65.0
34,torque_nm,resampling,SMOTETomek,power,0.001,0.001,16,"(128, 64, 32)",relu,adam,0.76,24.0,65.0
35,torque_nm,resampling,SMOTETomek,robust,0.001,0.001,16,"(128, 64, 32)",relu,adam,0.8200000000000001,24.0,67.0
36,tool_wear_min,resampling,SMOTE,power,0.001,0.001,16,"(128, 64, 32)",relu,adam,0.7100000000000001,29.0,66.0
37,tool_wear_min,resampling,SMOTE,robust,0.001,0.001,16,"(128, 64, 32)",relu,adam,0.86,27.0,67.0
38,tool_wear_min,resampling,ADASYN,power,0.001,0.001,16,"(128, 64, 32)",relu,adam,0.8400000000000001,21.0,64.0
39,tool_wear_min,resampling,ADASYN,robust,0.001,0.001,16,"(128, 64, 32)",relu,adam,0.89,54.0,66.0
40,tool_wear_min,resampling,SMOTETomek,power,0.001,0.001,16,"(128, 64, 32)",relu,adam,0.85,49.0,63.0
41,tool_wear_min,resampling,SMOTETomek,robust,0.001,0.001,16,"(128, 64, 32)",relu,adam,0.89,26.0,66.0
42,power_w,resampling,SMOTE,power,0.001,0.001,16,"(128, 64, 32)",relu,adam,0.89,18.0,63.0
43,power_w,resampling,SMOTE,robust,0.001,0.001,16,"(128, 64, 32)",relu,adam,0.86,42.0,67.0
44,power_w,resampling,ADASYN,power,0.001,0.001,16,"(128, 64, 32)",relu,adam,0.88,32.0,63.0
45,power_w,resampling,ADASYN,robust,0.001,0.001,16,"(128, 64, 32)",relu,adam,0.87,31.0,66.0
46,power_w,resampling,SMOTETomek,power,0.001,0.001,16,"(128, 64, 32)",relu,adam,0.78,21.0,63.0
47,power_w,resampling,SMOTETomek,robust,0.001,0.001,16,"(128, 64, 32)",relu,adam,0.89,29.0,70.0
48,delta_temp_k,resampling,SMOTE,power,0.001,0.001,16,"(128, 64, 32)",relu,adam,0.87,18.0,42.0
49,delta_temp_k,resampling,SMOTE,robust,0.001,0.001,16,"(128, 64, 32)",relu,adam,0.88,32.0,65.0
50,delta_temp_k,resampling,ADASYN,power,0.001,0.001,16,"(128, 64, 32)",relu,adam,0.89,54.0,41.0
51,delta_temp_k,resampling,ADASYN,robust,0.001,0.001,16,"(128, 64, 32)",relu,adam,0.89,31.0,68.0
52,delta_temp_k,resampling,SMOTETomek,power,0.001,0.001,16,"(128, 64, 32)",relu,adam,0.89,38.0,44.0
53,delta_temp_k,resampling,SMOTETomek,robust,0.001,0.001,16,"(128, 64, 32)",relu,adam,0.89,35.0,66.0
54,wear_torque,resampling,SMOTE,power,0.001,0.001,16,"(128, 64, 32)",relu,adam,0.87,23.0,67.0
55,wear_torque,resampling,SMOTE,robust,0.001,0.001,16,"(128, 64, 32)",relu,adam,0.88,20.0,67.0
56,wear_torque,resampling,ADASYN,power,0.001,0.001,16,"(128, 64, 32)",relu,adam,0.75,31.0,62.0
57,wear_torque,resampling,ADASYN,robust,0.001,0.001,16,"(128, 64, 32)",relu,adam,0.86,20.0,64.0
58,wear_torque,resampling,SMOTETomek,power,0.001,0.001,16,"(128, 64, 32)",relu,adam,0.88,30.0,64.0
59,wear_torque,resampling,SMOTETomek,robust,0.001,0.001,16,"(128, 64, 32)",relu,adam,0.89,23.0,68.0
60,temp_air_and_delta,resampling,SMOTE,power,0.001,0.001,16,"(128, 64, 32)",relu,adam,0.87,44.0,39.0
61,temp_air_and_delta,resampling,SMOTE,robust,0.001,0.001,16,"(128, 64, 32)",relu,adam,0.89,36.0,46.0
62,temp_air_and_delta,resampling,ADASYN,power,0.001,0.001,16,"(128, 64, 32)",relu,adam,0.89,24.0,45.0
63,temp_air_and_delta,resampling,ADASYN,robust,0.001,0.001,16,"(128, 64, 32)",relu,adam,0.87,39.0,45.0
64,temp_air_and_delta,resampling,SMOTETomek,power,0.001,0.001,16,"(128, 64, 32)",relu,adam,0.88,37.0,43.0
65,temp_air_and_delta,resampling,SMOTETomek,robust,0.001,0.001,16,"(128, 64, 32)",relu,adam,0.85,33.0,42.0
66,none,class_weights,1.25,power,0.001,0.001,16,"(128, 64, 32)",relu,adam,0.85,10.0,67.0
67,none,class_weights,1.25,robust,0.001,0.001,16,"(128, 64, 32)",relu,adam,0.79,12.0,69.0
68,none,class_weights,1.5,power,0.001,0.001,16,"(128, 64, 32)",relu,adam,0.87,16.0,71.0
69,none,class_weights,1.5,robust,0.001,0.001,16,"(128, 64, 32)",relu,adam,0.89,8.0,65.0
70,none,class_weights,1.75,power,0.001,0.001,16,"(128, 64, 32)",relu,adam,0.88,8.0,65.0
71,none,class_weights,1.75,robust,0.001,0.001,16,"(128, 64, 32)",relu,adam,0.89,10.0,68.0
72,type,class_weights,1.25,power,0.001,0.001,16,"(128, 64, 32)",relu,adam,0.8200000000000001,7.0,67.0
73,type,class_weights,1.25,robust,0.001,0.001,16,"(128, 64, 32)",relu,adam,0.6900000000000001,9.0,76.0
74,type,class_weights,1.5,power,0.001,0.001,16,"(128, 64, 32)",relu,adam,0.89,13.0,71.0
75,type,class_weights,1.5,robust,0.001,0.001,16,"(128, 64, 32)",relu,adam,0.88,12.0,72.0
76,type,class_weights,1.75,power,0.001,0.001,16,"(128, 64, 32)",relu,adam,0.87,13.0,72.0
77,type,class_weights,1.75,robust,0.001,0.001,16,"(128, 64, 32)",relu,adam,0.89,14.0,67.0
78,air_temperature_k,class_weights,1.25,power,0.001,0.001,16,"(128, 64, 32)",relu,adam,0.8300000000000001,12.0,76.0
79,air_temperature_k,class_weights,1.25,robust,0.001,0.001,16,"(128, 64, 32)",relu,adam,0.88,11.0,76.0
80,air_temperature_k,class_weights,1.5,power,0.001,0.001,16,"(128, 64, 32)",relu,adam,0.8200000000000001,7.0,64.0
81,air_temperature_k,class_weights,1.5,robust,0.001,0.001,16,"(128, 64, 32)",relu,adam,0.89,11.0,69.0
82,air_temperature_k,class_weights,1.75,power,0.001,0.001,16,"(128, 64, 32)",relu,adam,0.86,7.0,63.0
83,air_temperature_k,class_weights,1.75,robust,0.001,0.001,16,"(128, 64, 32)",relu,adam,0.89,18.0,59.0
84,process_temperature_k,class_weights,1.25,power,0.001,0.001,16,"(128, 64, 32)",relu,adam,0.89,12.0,72.0
85,process_temperature_k,class_weights,1.25,robust,0.001,0.001,16,"(128, 64, 32)",relu,adam,0.88,11.0,73.0
86,process_temperature_k,class_weights,1.5,power,0.001,0.001,16,"(128, 64, 32)",relu,adam,0.89,15.0,70.0
87,process_temperature_k,class_weights,1.5,robust,0.001,0.001,16,"(128, 64, 32)",relu,adam,0.89,12.0,65.0
88,process_temperature_k,class_weights,1.75,power,0.001,0.001,16,"(128, 64, 32)",relu,adam,0.89,10.0,73.0
89,process_temperature_k,class_weights,1.75,robust,0.001,0.001,16,"(128, 64, 32)",relu,adam,0.87,14.0,66.0
90,rotational_speed_rpm,class_weights,1.25,power,0.001,0.001,16,"(128, 64, 32)",relu,adam,0.89,12.0,72.0
91,rotational_speed_rpm,class_weights,1.25,robust,0.001,0.001,16,"(128, 64, 32)",relu,adam,0.88,11.0,73.0
92,rotational_speed_rpm,class_weights,1.5,power,0.001,0.001,16,"(128, 64, 32)",relu,adam,0.89,15.0,70.0
93,rotational_speed_rpm,class_weights,1.5,robust,0.001,0.001,16,"(128, 64, 32)",relu,adam,0.89,12.0,65.0
94,rotational_speed_rpm,class_weights,1.75,power,0.001,0.001,16,"(128, 64, 32)",relu,adam,0.89,10.0,73.0
95,rotational_speed_rpm,class_weights,1.75,robust,0.001,0.001,16,"(128, 64, 32)",relu,adam,0.87,14.0,66.0
96,torque_nm,class_weights,1.25,power,0.001,0.001,16,"(128, 64, 32)",relu,adam,0.89,8.0,65.0
97,torque_nm,class_weights,1.25,robust,0.001,0.001,16,"(128, 64, 32)",relu,adam,0.89,12.0,66.0
98,torque_nm,class_weights,1.5,power,0.001,0.001,16,"(128, 64, 32)",relu,adam,0.8400000000000001,8.0,67.0
99,torque_nm,class_weights,1.5,robust,0.001,0.001,16,"(128, 64, 32)",relu,adam,0.87,12.0,61.0
100,torque_nm,class_weights,1.75,power,0.001,0.001,16,"(128, 64, 32)",relu,adam,0.88,11.0,60.0
101,torque_nm,class_weights,1.75,robust,0.001,0.001,16,"(128, 64, 32)",relu,adam,0.88,11.0,73.0
102,tool_wear_min,class_weights,1.25,power,0.001,0.001,16,"(128, 64, 32)",relu,adam,0.89,12.0,70.0
103,tool_wear_min,class_weights,1.25,robust,0.001,0.001,16,"(128, 64, 32)",relu,adam,0.85,7.0,70.0
104,tool_wear_min,class_weights,1.5,power,0.001,0.001,16,"(128, 64, 32)",relu,adam,0.89,13.0,65.0
105,tool_wear_min,class_weights,1.5,robust,0.001,0.001,16,"(128, 64, 32)",relu,adam,0.86,7.0,69.0
106,tool_wear_min,class_weights,1.75,power,0.001,0.001,16,"(128, 64, 32)",relu,adam,0.87,8.0,65.0
107,tool_wear_min,class_weights,1.75,robust,0.001,0.001,16,"(128, 64, 32)",relu,adam,0.89,7.0,69.0
108,power_w,class_weights,1.25,power,0.001,0.001,16,"(128, 64, 32)",relu,adam,0.89,9.0,70.0
109,power_w,class_weights,1.25,robust,0.001,0.001,16,"(128, 64, 32)",relu,adam,0.86,9.0,70.0
110,power_w,class_weights,1.5,power,0.001,0.001,16,"(128, 64, 32)",relu,adam,0.89,9.0,71.0
111,power_w,class_weights,1.5,robust,0.001,0.001,16,"(128, 64, 32)",relu,adam,0.89,13.0,72.0
112,power_w,class_weights,1.75,power,0.001,0.001,16,"(128, 64, 32)",relu,adam,0.89,8.0,65.0
113,power_w,class_weights,1.75,robust,0.001,0.001,16,"(128, 64, 32)",relu,adam,0.87,7.0,63.0
114,delta_temp_k,class_weights,1.25,power,0.001,0.001,16,"(128, 64, 32)",relu,adam,0.81,8.0,51.0
115,delta_temp_k,class_weights,1.25,robust,0.001,0.001,16,"(128, 64, 32)",relu,adam,0.88,12.0,72.0
116,delta_temp_k,class_weights,1.5,power,0.001,0.001,16,"(128, 64, 32)",relu,adam,0.89,10.0,49.0
117,delta_temp_k,class_weights,1.5,robust,0.001,0.001,16,"(128, 64, 32)",relu,adam,0.88,7.0,69.0
118,delta_temp_k,class_weights,1.75,power,0.001,0.001,16,"(128, 64, 32)",relu,adam,0.8400000000000001,8.0,40.0
119,delta_temp_k,class_weights,1.75,robust,0.001,0.001,16,"(128, 64, 32)",relu,adam,0.8300000000000001,7.0,68.0
120,wear_torque,class_weights,1.25,power,0.001,0.001,16,"(128, 64, 32)",relu,adam,0.89,8.0,64.0
121,wear_torque,class_weights,1.25,robust,0.001,0.001,16,"(128, 64, 32)",relu,adam,0.88,9.0,72.0
122,wear_torque,class_weights,1.5,power,0.001,0.001,16,"(128, 64, 32)",relu,adam,0.89,8.0,64.0
123,wear_torque,class_weights,1.5,robust,0.001,0.001,16,"(128, 64, 32)",relu,adam,0.86,7.0,71.0
124,wear_torque,class_weights,1.75,power,0.001,0.001,16,"(128, 64, 32)",relu,adam,0.8,7.0,65.0
125,wear_torque,class_weights,1.75,robust,0.001,0.001,16,"(128, 64, 32)",relu,adam,0.86,7.0,70.0
126,temp_air_and_delta,class_weights,1.25,power,0.001,0.001,16,"(128, 64, 32)",relu,adam,0.86,9.0,50.0
127,temp_air_and_delta,class_weights,1.25,robust,0.001,0.001,16,"(128, 64, 32)",relu,adam,0.88,11.0,50.0
128,temp_air_and_delta,class_weights,1.5,power,0.001,0.001,16,"(128, 64, 32)",relu,adam,0.86,9.0,53.0
129,temp_air_and_delta,class_weights,1.5,robust,0.001,0.001,16,"(128, 64, 32)",relu,adam,0.89,11.0,51.0
130,temp_air_and_delta,class_weights,1.75,power,0.001,0.001,16,"(128, 64, 32)",relu,adam,0.88,7.0,48.0
131,temp_air_and_delta,class_weights,1.75,robust,0.001,0.001,16,"(128, 64, 32)",relu,adam,0.8400000000000001,10.0,50.0
